<?xml version="1.0" encoding="UTF-8" ?>
<!DOCTYPE mapper
        PUBLIC "-//mybatis.org//DTD Mapper 3.0//EN"
        "http://mybatis.org/dtd/mybatis-3-mapper.dtd">
<mapper namespace="mapper.PassagerMapper">

    <insert id="register">
        insert into passagers(id, name, pwd) VALUE (#{id}, #{name}, #{pwd});
    </insert>

    <update id="login">
        update passagers set isOnline = true where id = #{id} and pwd = #{pwd};
    </update>

    <select id="getAllOnline" resultType="Passager">
        select * from passagers where isOnline = true;
    </select>

    <select id="getAllRegistered" resultType="Passager">
        select * from passagers;
    </select>

</mapper>