<?xml version="1.0" encoding="UTF-8" ?>
<!DOCTYPE configuration
        PUBLIC "-//mybatis.org//DTD Config 3.0//EN"
        "http://mybatis.org/dtd/mybatis-3-config.dtd">
<configuration>

    <properties resource="db.properties"/>

<!--    <settings>-->
<!--        <setting name="logImpl" value="STDOUT_LOGGING"/>-->
<!--    </settings>-->

    <typeAliases>
        <typeAlias type="pojo.Passager" alias="Passager"/>
        <typeAlias type="pojo.Driver" alias="Driver"/>
        <typeAlias type="pojo.Car" alias="Car"/>
        <typeAlias type="pojo.Manager" alias="Manager"/>
    </typeAliases>

    <environments default="dev">
        <environment id="dev">
            <transactionManager type="JDBC"/>
            <dataSource type="POOLED">
                <property name="driver" value="${driver}"/>
                <property name="url" value="${url}"/>
                <property name="username" value="${username}"/>
                <property name="password" value="${password}"/>
            </dataSource>
        </environment>
    </environments>

    <mappers>
        <package name="mapper"/>
    </mappers>
</configuration>